00	0.00	3.47	3.47
01	3.47	6.47	3.00
02	6.47	9.07	2.60
03	9.07	10.67	1.60
04	10.67	11.40	0.73
05	11.40	11.53	0.13
06	11.53	14.47	2.94
07	14.47	17.73	3.26
08	17.73	19.53	1.80
09	19.53	21.73	2.20
10	21.73	22.90	1.17
11	22.90	24.10	1.20
12	24.10	28.87	4.77
13	28.87	32.17	3.30
14	32.17	35.63	3.46
15	35.63	37.60	1.97
16	37.60	40.07	2.47
17	40.07	46.07	6.00
18	46.07	48.70	2.63
19	48.70	54.23	5.53
20	54.23	58.43	4.20
21	58.43	63.93	5.50
22	63.93	67.00	3.07
23	67.00	69.10	2.10
24	69.10	72.50	3.40
25	72.50	74.57	2.07
26	74.57	76.10	1.53
27	76.10	80.93	4.83
28	80.93	82.53	1.60
29	82.53	85.17	2.64
30	85.17	87.57	2.40
31	87.57	87.60	0.03
32	87.60	89.03	1.43
33	89.03	89.80	0.77
34	89.80	91.67	1.87
35	91.67	92.57	0.90
36	92.57	95.10	2.53
37	95.10	100.57	5.47
38	100.57	101.93	1.36
39	101.93	105.73	3.80
40	105.73	108.23	2.50
41	108.23	111.50	3.27
42	111.50	118.73	7.23
43	118.73	125.40	6.67
44	125.40	127.50	2.10
45	127.50	131.33	3.83
46	131.33	134.10	2.77
47	134.10	145.13	11.03
48	145.13	149.40	4.27
49	149.40	152.93	3.53
50	152.93	155.93	3.00
51	155.93	161.93	6.00
52	161.93	166.47	4.54
53	166.47	168.27	1.80
54	168.27	173.50	5.23
55	173.50	179.33	5.83
56	179.33	184.27	4.94
57	184.27	189.33	5.06
58	189.33	191.93	2.60
59	191.93	192.07	0.14
60	192.07	192.13	0.06
61	192.13	192.23	0.10
62	192.23	192.37	0.14
63	192.37	192.50	0.13
64	192.50	192.57	0.07
65	192.57	192.83	0.26
66	192.83	196.20	3.37
67	196.20	206.93	10.73
68	206.93	209.23	2.30
69	209.23	213.53	4.30
70	213.53	216.07	2.54
71	216.07	222.03	5.96
72	222.03	229.03	7.00
73	229.03	233.67	4.64
74	233.67	237.27	3.60
75	237.27	244.50	7.23
