0.0	3.4	Mi hermana dijo que arruiné el día de su boda.
3.4	5.8	No, no me acosté con su esposo ni hice nada
5.8	6.4	loco,
6.4	9.0	simplemente pasé de plana a curvilínea
9.0	11.0	desde la última vez que nos vimos.
11.0	12.7	Todo por lo que aprendí en el
12.7	14.5	teléfono con mi tía brasileña.
14.5	16.2	Verás, yo siempre fui la hermana
16.2	17.9	plana creciendo. Toda mi vida
17.9	19.5	me sentí invisible a su lado.
19.5	21.7	Pero ahora mi hermana bajó de peso
21.7	23.2	y las curvas se fueron
23.2	25.8	junto con él. Las cosas han cambiado.
25.8	27.7	Ella dijo que yo estaba tratando
27.7	29.0	de robarle su momento,
29.0	31.8	como si yo no hubiera estado celosa de
31.8	34.5	ella tratando de subir de peso toda
34.5	35.6	mi vida.
35.6	38.2	Probé cada batido, cada suplemento,
38.2	40.0	cada reto de sentadillas dándolo todo.
40.0	42.4	Pero mi doctor dijo que probablemente
42.4	43.8	era solo mi genética
43.8	46.0	o que siempre podía hacerme un BBL.
46.0	48.9	Así que llamé a mi tía de Brasil.
48.9	51.3	Ella es a quien todos en la familia
51.3	53.9	llaman cuando algo está realmente mal.
53.9	56.7	Justo cuando escuché su voz, simplemente
56.7	58.3	me derrumbé en lágrimas.
58.3	60.1	Estaba cansada de desperdiciar mi
60.1	61.6	vida en un cuerpo que odiaba,
61.6	63.4	evitando espejos, sin tomarme fotos,
63.4	65.5	casi nunca recibiendo una segunda mirada
65.5	67.0	de nadie, escondiéndome bajo
67.0	69.2	ropa holgada incluso en verano. Se quedó
69.2	71.2	callada por un segundo y dijo: "Ve al
71.2	73.5	gabinete del pasillo, toma esos pequeños
73.5	74.5	goteros amarillos
74.5	79.0	con los fitoestrógenos y no tendrás
79.0	80.8	que preocuparte en absoluto". Dijo
80.8	82.5	que las mujeres en Brasil
82.5	84.1	con las curvas de las que todos
84.1	85.6	hablan no están haciendo nada
85.6	86.7	especial con su dieta.
86.7	87.6	No se
87.6	89.1	trata de lo que comes, se trata
89.1	90.4	del estrógeno, la hormona
90.4	91.6	que le dice a tu cuerpo
91.6	93.3	dónde realmente poner el peso.
93.3	95.3	El estrés, la genética, años de
95.3	97.5	que nunca funcione bien, todo
97.5	100.1	eso puede desbalancearlo. Entonces
100.1	101.8	tu cuerpo simplemente
101.8	105.9	tira todo en tu barriga en vez de tus
105.9	109.6	caderas, muslos y trasero. Dijo que
109.6	111.0	Por generaciones las mujeres brasileñas
111.0	112.0	han usado fitoestrógenos:
112.0	114.7	raíz de maca, fenogreco, ashwagandha, para despertar
114.7	117.2	esa señal de nuevo y finalmente
117.2	119.6	poner el peso donde pertenece.
119.6	122.0	Una vez que arreglas esa señal,
122.0	125.9	todo finalmente cae en su lugar.
127.5	129.9	Confié en ella, tomé mi primer
129.9	132.0	gotero. No sentí mucho, pero
132.0	134.1	conforme pasaron los días,
134.1	135.9	mi apetito empezó a despertar.
135.9	137.7	Luego mis jeans se empezaron
137.7	139.4	a quedar diferente de como
139.4	141.0	habían quedado en años.
141.0	142.7	Una semana después, traté de
142.7	144.5	ponerme los jeans que siempre
144.5	146.3	se sentían planos, se sentían
146.3	148.1	muy apretados en los muslos.
148.1	151.3	Me puse un vestido, no algo holgado
151.3	154.5	para esconderme, sino algo entallado.
154.5	156.7	Sonreía al espejo,
156.7	159.0	hasta las cabezas empezaron a
159.0	161.4	voltearse cuando entraba a un cuarto.
161.4	164.9	Cuando llegó el día de la boda de mi hermana,
164.9	166.8	todas las miradas estaban en
166.8	168.7	mí. Mi familia no podía creer
168.7	169.4	cómo
169.4	172.0	me creció el trasero tan rápido. Mi
172.0	174.2	hermana se molestó, pero luego
174.2	176.5	se calmó y me tomó de la mano.
176.5	179.3	Dijo: "¿Cómo lo hiciste? Necesito saber.
179.3	181.2	Ni siquiera puedo estar enojada
181.2	182.9	contigo por robarte el show".
182.9	185.0	Le di una botella de lo que mi tía
185.0	186.5	me dijo que tomara. Me mandó
186.5	187.7	mensajes semanas después
187.7	190.6	diciendo: "Amiga, tenías tanta razón.
190.6	193.0	Ojalá hubiera sabido de esto antes de
193.0	195.4	mi noche de bodas. Estoy llenita en
195.4	198.5	todos los lugares que quería. Mi confianza,
198.5	200.7	la manera en que la gente me mira
200.7	203.0	ahora, todo es diferente. Me siento
203.0	205.1	como una persona completamente
205.1	207.6	nueva". No se trata de esforzarte más,
207.6	210.4	se trata de darle a tu cuerpo la señal que necesita.
210.4	213.6	Las mujeres brasileñas ya descubrieron esto.
213.6	217.3	Pedí unas botellas para mi hermana
217.3	219.4	y para mí, porque compras
219.4	222.1	y te llevas uno gratis, y hasta te dejan
222.1	224.8	probarlos sin riesgo con una garantía
224.8	227.3	de devolución de dinero de 90 días.
227.3	230.0	Este lote se está agotando rápido,
230.0	230.7	así que
230.7	233.6	si el link de abajo todavía funciona, tienes suerte.
233.6	235.0	Dale a tu cuerpo
235.0	237.8	la señal que necesita y vive en la figura
237.8	240.1	que realmente quieres.
